,Age,Annual Income (k$),Spending Score (1-100)
count,200.0,200.0,200.0
mean,38.85,60.56,50.2
std,13.96900733155888,26.264721165271244,25.823521668370173
min,18.0,15.0,1.0
25%,28.75,41.5,34.75
50%,36.0,61.5,50.0
75%,49.0,78.0,73.0
max,70.0,137.0,99.0
